Name,Rank,Gender,TotalBirths,LivingEstimate,PeakYear,PeakBirths,1940s,1950s,1960s,1970s,1980s,1990s,2000s,2010s,2020s
"James",1,male,4712453,2198681,1947,104405,98,91,62,32,12,3,1,1,1
"John",2,male,4626606,595443,1924,103205,98,45,16,4,1,1,1,1,1
"Robert",3,male,4369024,2038234,1947,96805,98,91,62,32,12,3,1,1,1
"Michael",4,male,3980722,2524975,1957,88205,78,98,91,62,32,12,3,1,1
"William",5,male,3754397,2074956,1952,83205,91,98,78,46,20,7,2,1,1
"Mary",6,female,3690004,376103,1921,82605,98,42,13,3,1,1,1,1,1
"David",7,male,3285213,1979094,1955,72805,83,98,86,55,26,9,2,1,1
"Elizabeth",8,female,1445153,1339291,1989,32805,5,17,41,74,98,97,70,38,10
"Patricia",9,female,1426856,764523,1951,31605,94,98,76,43,18,6,1,1,1
"Nora",10,male,1353612,468251,1940,30005,98,74,41,17,5,1,1,1,1
"Jennifer",11,female,1326709,1091482,1972,29405,32,62,91,98,78,46,20,7,1
"Linda",12,female,1310338,634626,1948,29005,98,94,66,35,13,4,1,1,1
"Barbara",13,female,1291057,602191,1947,28605,98,91,62,32,12,3,1,1,1
"Alexander",14,male,495558,478788,2009,13630,1,1,5,17,41,74,98,97,39
"Faith",15,male,451642,171498,1942,10005,98,78,46,20,7,2,1,1,1
"Emma",16,female,449100,435702,2014,13804,1,1,2,9,26,55,86,98,45
"Colton",17,female,338922,134518,1943,7505,98,81,49,22,7,2,1,1,1
"Fernando",18,female,338921,134514,1943,7505,98,81,49,22,7,2,1,1,1
"Nelson",19,female,338921,134514,1943,7505,98,81,49,22,7,2,1,1,1
"Stella",20,female,338921,134514,1943,7505,98,81,49,22,7,2,1,1,1
"Olivia",21,female,283869,276281,2020,10494,1,1,1,5,15,38,72,98,51
"Noah",22,male,274655,266532,2015,8680,1,1,2,8,24,52,83,98,46
"Dawn",23,male,271298,112389,1944,6005,98,83,52,24,8,2,1,1,1
"Sophia",24,female,267840,259329,2012,7844,1,1,3,12,32,62,91,98,43
"Liam",25,male,241046,234660,2021,9237,1,1,1,4,14,36,69,98,53
"Cheryl",26,female,226235,97661,1945,5005,98,86,55,27,9,3,1,1,1
"Clarence",27,female,226234,97659,1945,5005,98,86,55,27,9,3,1,1,1
"Ava",28,female,204048,198049,2016,6620,1,1,2,7,22,49,81,98,47
"Stacy",29,male,194035,87151,1946,4291,98,88,59,29,11,3,1,1,1
"Paige",30,male,194032,87156,1946,4291,98,88,59,29,11,3,1,1,1
"Joyce",31,male,194024,87146,1946,4291,98,88,59,29,11,3,1,1,1
"Christopher",32,female,169883,79277,1947,3755,98,91,62,32,12,3,1,1,1
"Andrea",33,female,169881,79276,1947,3755,98,91,62,32,12,3,1,1,1
"Charlotte",34,female,156586,152389,2022,6228,1,1,1,4,13,34,67,98,54
"Mitchell",35,male,151109,73161,1948,3338,98,94,66,35,14,4,1,1,1
"Regina",36,male,151105,73156,1948,3338,98,94,66,35,14,4,1,1,1
"Ronald",37,male,151105,73156,1948,3338,98,94,66,35,14,4,1,1,1
"Noel",38,male,151104,73156,1948,3338,98,94,66,35,14,4,1,1,1
"Katherine",39,female,136104,68265,1949,3005,98,97,70,38,15,5,1,1,1
"Ella",40,male,104934,58038,1952,2313,91,98,78,46,20,7,2,1,1
"Howard",41,female,97531,55586,1953,2148,88,98,81,49,22,7,2,1,1
"Jackson",42,female,97531,55586,1953,2148,88,98,81,49,22,7,2,1,1
"Ross",43,female,97521,55580,1953,2148,88,98,81,49,22,8,2,1,1
"Tommy",44,male,91086,53423,1954,2005,86,98,83,52,24,9,3,1,1
"Isabel",45,male,91085,53424,1954,2005,86,98,83,52,24,9,3,1,1
"Beatrice",46,female,85482,51531,1955,1880,83,98,86,55,27,10,3,1,1
"Miguel",47,female,85482,51531,1955,1880,83,98,86,55,27,10,3,1,1
"Carmen",48,male,72193,46913,1958,1584,76,98,94,66,35,14,5,2,1
"Sofia",49,male,72183,46917,1958,1584,76,98,94,66,35,14,5,2,1
"Floyd",50,male,65467,44481,1960,1434,70,97,98,74,41,17,6,2,1
"Winston",51,male,65452,44477,1960,1434,70,97,98,74,41,17,7,2,1
"Eugene",52,female,62555,43388,1961,1369,66,94,98,76,44,19,7,3,1
"Rodney",53,female,62555,43388,1961,1369,66,94,98,76,44,19,7,3,1
"Jaden",54,male,59903,42389,1962,1309,63,91,98,78,46,21,8,3,1
"Cooper",55,male,51281,38897,1966,1116,49,81,98,88,59,29,13,5,1
"Jesse",56,male,51262,38860,1966,1116,49,81,98,88,59,29,13,5,1
"Trinity",57,female,49501,38117,1967,1076,46,78,98,91,63,32,14,6,2
"Zachary",58,male,47855,37363,1968,1039,44,76,98,94,66,35,16,6,2
"Alicia",59,female,46321,36652,1969,1005,41,74,98,97,71,38,18,7,2
"Andrew",60,female,46308,36638,1969,1005,41,74,98,97,71,38,18,7,2
"Clayton",61,male,44900,36010,1970,973,38,71,97,98,74,41,20,8,2
"Adam",62,female,43542,35348,1971,943,35,66,94,98,76,44,22,9,3
"Sean",63,female,43536,35313,1971,943,35,66,94,98,76,44,22,9,2
"Douglas",64,female,43526,35304,1971,943,35,66,94,98,76,44,22,9,2
"Phoebe",65,female,43526,35304,1971,943,35,66,94,98,76,44,22,9,2
"Anna",66,male,42275,34682,1972,914,32,63,91,98,78,46,24,10,3
"Ulysses",67,male,42275,34709,1972,914,32,63,91,98,78,46,24,10,3
"Tessa",68,male,42271,34709,1972,914,32,63,91,98,78,46,24,10,3
"Savannah",69,male,42254,34662,1972,914,32,63,91,98,78,46,23,10,3
"Zoe",70,male,42254,34662,1972,914,32,63,91,98,78,46,23,10,3
"Gary",71,female,41099,34089,1973,887,29,59,88,98,81,49,26,11,3
"Lucia",72,male,39969,33486,1974,862,27,56,86,98,83,52,28,12,3
"Hayden",73,female,38899,32915,1975,838,25,52,83,98,86,56,30,13,4
"Shane",74,female,38874,32856,1975,838,24,52,83,98,86,56,30,13,4
"Anne",75,male,37875,32302,1976,816,22,49,81,98,88,59,33,15,4
"Virginia",76,female,36957,31795,1977,794,21,47,78,98,91,63,36,17,5
"Earl",77,male,36034,31243,1978,774,19,44,76,98,94,66,39,18,5
"Amanda",78,male,36011,31252,1978,774,19,44,76,98,94,66,39,18,5
"Zara",79,male,36004,31250,1978,774,19,44,76,98,94,66,39,18,5
"Janet",80,male,35999,31204,1978,774,19,44,76,98,94,66,39,18,5
"Jonathan",81,female,35148,30690,1979,755,17,41,74,98,97,71,43,20,5
"Kate",82,female,35146,30729,1979,755,17,41,74,98,97,71,43,20,6
"Julia",83,female,33549,29689,1981,719,14,35,67,94,98,76,49,24,7
"Yasmin",84,female,33520,29699,1981,719,14,35,67,94,98,76,49,24,7
"Malcolm",85,female,32069,28709,1983,687,11,29,59,88,98,81,55,28,8
"Lane",86,male,31370,28227,1984,672,10,27,56,86,98,83,58,31,9
"Joel",87,male,31359,28232,1984,672,10,27,56,86,98,83,58,30,9
"Leland",88,male,31359,28232,1984,672,10,27,56,86,98,83,58,30,9
"Antonio",89,male,31326,28234,1984,672,10,27,56,86,98,83,58,30,9
"Beverly",90,female,30688,27757,1985,657,9,25,52,83,98,86,62,33,9
"Vivian",91,female,30688,27757,1985,657,9,25,52,83,98,86,62,33,9
"Julie",92,female,30651,27700,1985,657,9,24,52,83,98,86,62,33,9
"Zion",93,male,30036,27279,1986,643,8,23,49,81,98,88,65,36,10
"Salvador",94,male,30033,27281,1986,643,8,23,49,81,98,88,65,36,10
"Manuel",95,male,30002,27243,1986,643,8,22,49,81,98,88,65,36,10
"Aurora",96,male,28791,26361,1988,617,6,19,44,76,98,94,74,42,12
"Yolanda",97,male,28788,26363,1988,617,6,19,44,76,98,94,74,42,12
"Harry",98,male,28750,26375,1988,617,6,19,44,76,98,94,74,42,12
"Blake",99,female,28199,25911,1989,605,6,17,41,74,98,97,78,46,14
"Arthur",100,male,27614,25461,1990,593,5,16,39,71,97,98,82,49,15
"Ezra",101,male,26486,24560,1992,571,4,12,32,63,91,98,87,55,17
"Claire",102,male,26454,24589,1991,571,4,13,32,63,91,98,87,55,17
"Rex",103,female,25915,24090,2000,568,4,11,29,59,88,98,89,58,18
"Dale",104,male,25402,23675,2000,570,3,10,27,56,86,98,92,61,20
"Kyle",105,female,24879,23242,2000,570,3,9,25,53,83,98,95,65,21
"Carl",106,male,24356,22801,2000,569,3,8,23,50,81,98,98,69,23
"Tina",107,male,24305,22812,2000,569,2,8,23,50,81,98,98,69,23
"Jimmy",108,male,23338,21927,2000,563,2,6,18,41,72,92,98,72,25
"Joshua",109,male,23284,21936,2000,563,2,6,18,41,72,92,98,72,25
"Ruby",110,male,23284,21936,2000,563,2,6,18,41,72,92,98,72,25
"Ivan",111,male,23275,21927,2000,563,2,6,18,41,72,92,98,72,25
"Delilah",112,female,22818,21482,2000,558,2,5,16,38,67,89,98,74,26
"Sydney",113,male,22322,21036,2000,552,2,5,14,35,63,87,98,76,27
"Judith",114,male,22262,21040,2000,552,2,4,14,35,63,87,98,76,27
"Luna",115,male,22262,21040,2000,552,2,4,14,35,63,87,98,76,27
"Jane",116,male,21316,20136,2002,538,2,4,11,29,56,81,98,81,30
"Gilbert",117,female,20822,19690,2003,532,1,3,10,26,53,79,98,83,31
"Hector",118,female,20822,19690,2003,532,1,3,10,26,53,79,98,83,31
"Dominic",119,female,20817,19695,2003,532,1,3,10,26,53,79,98,83,31
"Harvey",120,female,20817,19695,2003,532,1,3,10,26,53,79,98,83,31
"Vanessa",121,female,20817,19695,2003,532,1,3,10,26,53,79,98,83,31
"Eva",122,male,20329,19246,2004,526,1,3,9,24,49,76,98,85,32
"Nancy",123,female,19821,18775,2005,520,1,3,8,22,46,74,98,87,34
"Eliana",124,male,19339,18333,2006,514,1,3,7,20,44,71,98,89,36
"Gavin",125,female,19040,8172,1941,371,98,76,44,20,6,2,22,22,11
"Samantha",126,female,19040,8172,1941,371,98,76,44,20,6,2,22,22,11
"Willie",127,male,18859,8400,1941,366,98,78,47,21,7,3,23,22,11
"Iris",128,female,18833,17865,2007,508,1,2,6,18,41,69,98,92,37
"Gladys",129,male,18758,8300,1941,366,98,78,47,21,7,3,22,21,11
"June",130,male,18758,8300,1941,366,98,78,47,21,7,3,22,21,11
"Melanie",131,female,18614,8568,1942,362,98,81,49,23,8,3,23,22,11
"Emery",132,male,18523,8851,1944,358,98,83,53,25,9,3,24,23,12
"Rachel",133,female,18370,9072,1945,354,98,86,56,27,10,4,24,24,12
"Eric",134,female,17972,9438,1947,346,98,91,62,32,13,5,25,25,12
"Juan",135,male,17914,9714,1947,342,98,94,67,36,14,5,27,26,13
"Frederick",136,female,17770,9918,1948,338,98,97,71,39,15,6,28,27,13
"Paula",137,female,17769,9925,1948,338,98,97,71,39,16,5,28,27,13
"Lily",138,male,17547,10040,1950,335,97,98,74,41,18,6,28,27,13
"Stephen",139,female,17501,10325,1950,331,94,98,76,44,20,6,29,28,14
"Darlene",140,female,17491,10319,1950,331,94,98,76,44,20,6,29,28,14
"Peter",141,male,17376,10518,1952,328,91,98,79,47,21,7,30,28,14
"Betty",142,male,17373,16502,2010,493,1,2,5,13,33,61,97,98,42
"Ian",143,male,17365,16495,2010,493,1,2,5,13,33,61,97,98,42
"Tara",144,male,17256,10391,1952,328,91,98,79,47,20,8,28,27,13
"Bradley",145,female,17240,10697,1952,324,88,98,81,50,23,8,30,29,14
"Gwendolyn",146,female,17240,10697,1952,324,88,98,81,50,23,8,30,29,14
"Cindy",147,female,17142,10608,1952,324,88,98,80,49,23,9,30,28,14
"Curtis",148,male,17122,10878,1954,321,86,98,83,53,25,9,31,29,15
"Evan",149,male,17114,10862,1954,321,86,98,83,53,25,9,31,29,15
"Teresa",150,male,17114,10862,1954,321,86,98,83,53,25,9,31,29,15
"Erik",151,female,16993,11034,1955,318,83,98,86,56,27,10,32,30,15
"Jill",152,female,16987,11043,1955,318,83,98,86,56,28,10,32,30,15
"Felicia",153,female,16986,11041,1955,318,83,98,86,56,28,10,32,30,15
"Nicholas",154,female,16979,11024,1955,318,83,98,86,56,27,10,32,30,15
"Gloria",155,male,16888,11218,1955,314,81,98,88,59,30,11,33,31,15
"Reginald",156,male,16877,11201,1955,314,81,98,88,59,30,11,33,31,15
"Jose",157,female,16854,16010,2011,488,1,2,4,12,30,57,94,98,43
"Louise",158,female,16854,16010,2011,488,1,2,4,12,30,57,94,98,43
"Kirk",159,female,16798,16023,2011,488,1,2,4,12,31,57,94,98,43
"Kaitlyn",160,male,16773,11103,1955,314,81,98,88,59,29,12,32,30,15
"Aaron",161,female,16752,11363,1956,311,78,98,91,63,33,13,34,32,16
"Orlando",162,female,16747,11346,1956,311,78,98,91,63,33,12,34,32,16
"Logan",163,female,16744,11342,1956,311,78,98,91,63,32,12,34,32,16
"Billy",164,male,16643,11497,1957,308,76,98,94,67,36,14,36,33,16
"Erin",165,male,16597,11452,1957,308,76,98,94,67,35,14,36,32,15
"Theresa",166,male,16597,11452,1957,308,76,98,94,67,35,14,36,32,15
"Vincent",167,female,16523,11632,1958,305,74,98,97,71,39,16,38,34,17
"Danielle",168,male,16378,15564,2012,483,1,2,4,11,28,54,92,98,44
"Bonnie",169,female,15884,15098,2012,478,1,1,3,10,26,51,90,98,45
"Laila",170,female,15884,15098,2012,478,1,1,3,10,26,51,90,98,45
"Tucker",171,male,15393,14626,2014,474,1,1,3,9,23,48,88,98,46
"Theodore",172,male,14430,13709,2016,466,1,1,2,7,19,42,83,98,47
"Marcus",173,female,13954,13251,2017,462,1,1,2,6,17,39,82,98,48
"Francis",174,male,13873,9295,1959,302,71,97,98,74,42,18,4,1,1
"Penelope",175,male,13862,9289,1959,302,71,97,98,74,42,18,4,1,1
"Santiago",176,male,13862,9289,1959,302,71,97,98,74,42,18,4,1,1
"Hudson",177,female,13758,9412,1960,299,67,94,98,76,44,20,5,1,1
"Marion",178,male,13667,9524,1961,296,63,91,98,79,47,21,7,2,1
"Tiffany",179,female,13567,9633,1962,293,59,88,98,81,50,22,8,3,1
"Lorraine",180,male,13408,12793,2018,458,1,1,2,5,16,37,80,98,49
"Wilbur",181,female,13180,10023,1967,283,47,79,98,91,63,33,13,5,2
"Grant",182,male,13078,10060,1967,280,43,76,98,94,66,35,16,6,2
"Megan",183,male,13077,10093,1967,280,44,76,98,94,67,36,16,6,2
"Sebastian",184,male,13077,10093,1967,280,44,76,98,94,67,36,16,6,2
"Sam",185,female,13018,12351,2019,454,1,1,2,5,15,34,78,98,50
"Nina",186,male,12927,10224,1969,275,39,71,97,98,74,42,19,8,2
"Bella",187,male,12917,10236,1969,275,39,71,97,98,74,42,20,8,2
"Mason",188,male,12917,10236,1969,275,39,71,97,98,74,42,20,8,2
"Albert",189,male,12745,10307,1971,271,32,63,91,98,79,47,23,10,3
"Miranda",190,male,12731,10331,1971,270,33,63,91,98,79,47,24,10,3
"Stuart",191,female,12652,10337,1972,268,29,59,88,98,81,49,25,12,3
"Sabrina",192,male,12575,10380,1974,266,27,56,86,98,83,53,28,13,4
"Maureen",193,female,12510,10432,1975,264,25,53,83,98,86,56,31,14,4
"Yvette",194,female,12507,10435,1975,264,25,53,83,98,86,56,32,14,4
"Percy",195,female,12489,10402,1975,264,25,53,83,98,86,56,30,14,4
"Xander",196,male,12426,10458,1975,261,23,50,81,98,88,59,34,15,4
"Ximena",197,male,12423,10440,1975,261,22,50,81,98,88,59,33,16,5
"Martin",198,female,12336,10450,1976,259,21,46,79,98,91,63,36,17,5
"Avery",199,female,12190,10487,1978,255,17,42,74,98,97,71,45,21,6
"Alan",200,male,12124,10514,1979,253,16,39,71,97,98,74,48,24,7
"Hazel",201,male,12124,10514,1979,253,16,39,71,97,98,74,48,24,7
"Naomi",202,male,12121,10501,1979,253,16,39,71,97,98,74,48,23,7
"Isaac",203,female,12060,10526,1980,251,14,36,67,94,98,76,51,26,7
"Aria",204,female,12042,10548,1980,251,14,36,67,94,98,76,51,26,8
"Neil",205,male,11966,10493,1981,249,13,33,63,91,98,78,54,28,8
"Carolyn",206,male,11965,10541,1981,249,13,33,63,91,98,78,54,29,9
"Walker",207,male,11954,10532,1981,249,13,33,63,91,98,78,54,29,8
"Allen",208,male,11941,10517,1981,249,13,33,63,91,98,78,54,29,8
"Barry",209,male,11941,10517,1981,249,13,33,63,91,98,78,54,29,8
"Nova",210,male,11818,10523,1983,245,10,28,56,86,98,83,61,33,10
"Bobby",211,male,11817,10472,1983,245,10,27,56,86,98,83,61,33,9
"Felix",212,male,11797,10504,1983,245,10,28,56,86,98,83,61,33,10
"Marshall",213,male,11666,10442,1985,241,8,23,50,81,98,88,68,39,12
"Debra",214,male,11498,10363,1988,238,7,19,45,76,98,94,77,46,14
"Melody",215,male,11486,10346,1988,238,7,19,44,76,98,94,77,45,14
"Jack",216,female,11425,10235,1986,234,9,22,47,79,98,91,72,42,13
"Kevin",217,female,11264,10166,1989,231,7,19,42,74,98,97,81,50,16
"Samuel",218,female,11246,10233,1990,232,6,14,35,67,94,98,88,56,17
"Larry",219,male,11108,10193,2000,236,5,13,33,63,91,98,90,59,19
"Gene",220,female,11072,10130,2000,241,5,12,29,60,88,98,93,62,21
"Jayden",221,female,11068,10131,2000,241,5,12,30,60,88,98,93,62,21
"Wesley",222,female,11068,10136,2000,241,4,11,30,60,88,98,93,62,21
"Gabriel",223,male,10914,10067,2000,244,4,10,28,56,86,98,96,66,22
"Everett",224,female,10824,10007,2000,247,4,9,26,53,83,97,98,69,23
"Richard",225,female,10656,9832,2000,251,3,7,19,44,73,91,98,72,25
"Gracie",226,female,10651,9833,2000,251,3,7,19,44,73,91,98,72,25
"Jocelyn",227,male,10485,9747,2000,252,3,6,18,40,69,88,98,74,26
"Eli",228,male,10355,4870,1941,189,98,79,48,22,8,4,33,33,16
"Benjamin",229,male,10287,4469,1939,191,98,74,42,18,7,4,30,30,15
"Mario",230,male,10285,5157,1943,187,98,83,53,25,10,4,34,34,17
"Mackenzie",231,female,10279,4679,1940,186,98,77,45,21,8,4,33,33,16
"Martha",232,female,10279,4679,1940,186,98,77,45,21,8,4,33,33,16
"Ernest",233,female,10273,5309,1945,186,98,86,57,28,10,4,35,35,17
"Levi",234,male,10247,9553,2000,253,2,5,14,34,61,83,98,78,28
"Wanda",235,female,10243,4593,1940,190,98,76,45,19,8,4,30,30,15
"Ethan",236,male,10234,5446,1946,185,98,89,60,30,12,5,36,36,18
"Beth",237,female,10221,5592,1947,184,98,91,63,33,13,5,37,37,18
"Bruce",238,female,10217,5593,1947,184,98,91,63,33,13,5,37,37,18
"Henry",239,male,10197,5739,1948,183,98,94,67,36,14,6,38,38,19
"Gail",240,female,10185,9449,2000,252,2,5,12,31,57,80,98,80,30
"Jeremy",241,male,10159,5370,1946,185,98,89,59,29,12,5,34,34,17
"Shelby",242,female,10127,9453,2000,252,2,4,12,31,57,80,98,80,30
"Carlos",243,male,10119,6289,1951,178,91,98,79,48,21,8,42,41,20
"Trevor",244,male,10071,6549,1953,176,86,98,84,53,26,9,44,42,21
"Destiny",245,male,10070,6538,1953,176,86,98,84,53,25,10,44,42,21
"Emily",246,male,10060,9339,2002,252,3,4,11,27,54,78,98,82,31
"Timothy",247,male,10058,9339,2002,252,3,4,11,28,54,77,98,82,31
"Heather",248,female,10032,6060,1950,179,94,98,76,43,20,8,40,38,19
"Edwin",249,female,10012,6341,1952,173,89,98,81,51,24,10,43,42,21
"Will",250,male,10007,7036,1958,173,77,98,94,67,37,14,49,47,23